{
  "r_s": 1.0791559266921338,
  "r_f": 1.0159609869494395,
  "premium": 0.0631949397426943,
  "avg_savings_rate": 0.7118794975020116,
  "avg_portfolio_share": 0.4636244291817454,
  "avg_savings_amount": 3.576659453924646,
  "avg_stock_holdings": 0.9424523254630947,
  "avg_bond_holdings": 2.634207128461552,
  "E_agg": 0.07430433870965146,
  "B_agg": 0.04152162193752732,
  "converged": true
}
